species,uuid,attribution,license
Anguilla anguilla,9ce911e2-a8fa-47a2-afe9-ca18d71be30f,Ingo Braasch,CC0 1.0
Oreochromis andersonii,9c031447-a620-4b7d-98bb-25dd4133eda7,Ingo Braasch,CC0 1.0
Wallago attu,7cb387d7-9b23-4e5c-a007-2d938339cb8a,Carlos Cano-Barbacil,CC0 1.0
Atractosteus spatula,4b878d44-26e1-483e-8ef4-7879da69d1d7,Lily Hughes,CC0 1.0
Huso huso,5ce55e7c-827d-4049-b128-ae0bc8fb2981,Duane Raver/USFWS,Public Domain Mark 1.0
Hemiancistrus medians,e557aeed-4adf-4953-ad1b-45490d3d7f3d,Unknown,CC0 1.0
Dermogenys pusilla,169a5c44-e1a2-401c-9ea3-3462ab5fc26d,Fidji Berio,CC0 1.0
Salmo trutta,af8e51f1-6bd8-4c09-8ab0-e7d0c364d2d2,Unknown,Public Domain Mark 1.0
Luciobarbus brachycephalus,8027b226-bb3c-4b6d-a049-0ff58836ab9f,Carlos Cano-Barbacil,CC0 1.0
